sbsconfig,runnum,target,sbsmagcurr(A),bbmagcurr(A),ebeam_mean(GeV),ebeam_std(GeV),totcharge(C)
4,11449,LD2,630,750,3.739548005416666,0.0002278843796234,0.00259686
4,11451,LD2,630,750,3.739344344459459,0.0002145068281516,0.00217609
4,11452,LD2,630,750,3.739436023650793,0.0001282019777107,0.00898508
4,11456,LD2,630,750,3.739413755833332,0.00017533923785,0.00732743
4,11493,LD2,630,750,3.739209929407407,0.0003460819362294,0.00236925
4,11494,LD2,630,750,3.739075018118279,0.0001024818914696,0.00335627
4,11495,LD2,630,750,3.7391588445454538,0.000107082857082,0.00342057
4,11496,LD2,630,750,3.739081594938271,8.792006787844329e-05,0.00304391
4,11551,LD2,630,750,3.739208467121212,0.000187314967793,0.00132071
4,11554,LD2,630,750,3.7391762575438583,0.0001990087476205,0.000869628
4,11562,LD2,630,750,3.739323417,0.0001344811046525,0.00336828
4,11563,LD2,630,750,3.739350498,4.410159558703917e-05,0.00075669
4,11564,LD2,630,750,3.7393405974193534,3.555915956960639e-05,0.00192168
4,11565,LD2,630,750,3.739309255595238,0.0001227875723405,0.00251332
4,11568,LD2,630,750,3.739336986321838,4.909433191155833e-05,0.00269407
4,11570,LD2,630,750,3.739298871886792,0.0001268487115402,0.00145423
4,11571,LD2,630,750,3.739315679571429,8.992080111817231e-05,0.00206349
4,11579,LD2,0,750,3.739322573681592,9.73018283198522e-05,0.00584684
4,11580,LD2,0,750,3.73932753275862,9.87073110890776e-05,0.00170179
4,11581,LD2,0,750,3.739328092957746,9.65558563792464e-05,0.00411985
4,11582,LD2,0,750,3.739303790113636,0.0001025613249404,0.00253737
4,11583,LD2,0,750,3.7391904867934778,0.0001746337205966,0.00336685
4,11586,LD2,0,750,3.739278017472527,0.0001299022799155,0.00483441
4,11593,LD2,1050,750,3.739330117514792,0.0002054423256623,0.00392495
4,11594,LD2,1050,750,3.739333538181817,0.0001890083768819,0.00108199
4,11595,LD2,1050,750,3.7394342126785705,7.253997284224385e-05,0.00170929
7,11996,LD2,1785,750,7.9308120075,0.000558672076464,0.00651399
7,11997,LD2,1785,750,7.931054356629212,0.0002551340950316,0.00342614
7,11998,LD2,1785,750,7.930868755373134,0.0008168914681141,0.0155879
7,11999,LD2,1785,750,7.930974813349753,0.0007954084546781,0.0164604
7,12001,LD2,1785,750,7.930663327499998,0.0008606310657801,0.0129417
7,12002,LD2,1785,750,7.9310822776354675,0.0009862702407397,0.0129081
7,12004,LD2,1785,750,7.930917715833332,0.0005337202910184,0.0109482
7,12006,LD2,1785,750,7.931004347499999,0.0010152610319566,0.0126405
7,12013,LD2,1785,750,7.931136556666665,0.0003956300369434,0.0123916
7,12014,LD2,1785,750,7.930992834569892,0.0006143852954401,0.00409855
7,12017,LD2,1785,750,7.93117956369458,0.0004876944990295,0.0273946
7,12019,LD2,1785,750,7.931130451280787,0.0005111801718805,0.0197013
7,12021,LD2,1785,750,7.930735328571428,0.000570876483512,0.0129128
7,12029,LD2,1785,750,7.930836616748768,0.0007591035965608,0.0289188
7,12030,LD2,1785,750,7.930792000541871,0.0006473675868283,0.0277528
7,12038,LD2,1785,750,7.930721444679802,0.0003971279856074,0.00692662
7,12039,LD2,1785,750,7.930700425641025,0.0001210169475683,0.00149455
7,12040,LD2,1785,750,7.930749781739129,0.0003146768272898,0.000620016
7,12041,LD2,1785,750,7.930698678333333,0.0004144008078302,0.00655155
7,12042,LD2,1785,750,7.930682609310343,0.0003539962492803,0.00682457
7,12043,LD2,1785,750,7.930815127692307,0.0002199508105564,0.00895837
7,12044,LD2,1785,750,7.930617339432989,0.0003479794792837,0.00701956
7,12045,LD2,1785,750,7.930592339310344,0.0004030941317237,0.0054707
7,12046,LD2,1785,750,7.930381066995073,0.0004376311382029,0.00521427
7,12047,LD2,1785,750,7.930880145960589,0.0003806008844094,0.00699298
7,12048,LD2,1785,750,7.930782041953124,0.0004128957772019,0.00384835
7,12050,LD2,1785,750,7.930535886735751,0.0004149097265557,0.0335022
7,12051,LD2,1785,750,7.930668181921182,0.0002525663348327,0.0242493
7,12055,LD2,1785,750,7.930260554166666,0.0002381922601148,0.0214874
7,12056,LD2,1785,750,7.930811022955663,0.0005112947621976,0.0186954
7,12057,LD2,1785,750,7.930813839261083,0.0005233809557308,0.0215622
7,12059,LD2,1785,750,7.930859097783251,0.000444947913678,0.0161023
7,12060,LD2,1785,750,7.930650789999999,0.000572644050578,0.00869104
7,12062,LD2,1785,750,7.931079823249999,0.0003628682558066,0.0197624
7,12063,LD2,1785,750,7.930977827290639,0.0004992977369826,0.0166414
7,12065,LD2,1785,750,7.930936202499999,0.0005577819677424,0.0203831
7,12066,LD2,1785,750,7.930732808719211,0.0006312519128624,0.00416998
7,12068,LD2,1785,750,7.931267193679999,0.0002103737170186,0.0157438
7,12069,LD2,1785,750,7.93114409029197,0.0006017277439892,0.00429183
7,12070,LD2,1785,750,7.931074088617884,0.0004889669636874,0.00391913
7,12071,LD2,1785,750,7.931032028817734,0.0005198527456761,0.0118818
7,12073,LD2,1785,750,7.931036623842363,0.0005241567816186,0.00910812
11,12314,LD2,2100,750,9.88870426393899,0.0003162078047177,0.0440307
11,12315,LD2,2100,750,9.888707548625304,0.0003933323182735,0.0452146
11,12316,LD2,2100,750,9.88889035103448,0.0003163301239384,0.00898726
11,12318,LD2,2100,750,9.88921937818701,0.0001078516784785,0.0164236
11,12319,LD2,2100,750,9.8892787175,0.0004416286767445,0.0143198
11,12321,LD2,2100,750,9.889070303440858,0.0003490474656101,0.00515549
11,12322,LD2,2100,750,9.889136407192115,0.0003470164127304,0.0244069
11,12323,LD2,2100,750,9.889332633614458,0.0003368766186263,0.00408657
11,12333,LD2,2100,750,9.888885786517132,0.0002253132379638,0.0873899
11,12337,LD2,2100,750,9.888971431404336,0.0003070718342661,0.0599664
11,12338,LD2,2100,750,9.889103086358972,0.0001818421082333,0.0190712
11,12339,LD2,2100,750,9.88912923165488,0.0002791566812783,0.0358327
11,12341,LD2,2100,750,9.889151923838028,0.0005444361485241,0.0054298
11,12342,LD2,2100,750,9.889125745559843,0.0001774123843921,0.0144721
11,12343,LD2,2100,750,9.889221085807126,0.0002739550887332,0.0120503
11,12344,LD2,2100,750,9.889260338967214,0.000189868215277,0.0160235
11,12346,LD2,2100,750,9.889342796089158,0.000213077673549,0.0519779
11,12347,LD2,2100,750,9.88926974583461,0.000150387958746,0.010298
11,12348,LD2,2100,750,9.889219186385676,0.0002393911714729,0.0437415
11,12349,LD2,2100,750,9.88921424763975,0.0001536098308963,0.00859545
11,12356,LD2,2100,750,9.888937963580355,0.0002914242497057,0.0535093
11,12357,LD2,2100,750,9.889217091325966,0.0001926453260279,0.00747054
11,12359,LD2,2100,750,9.889236618284883,0.0002118616262135,0.0577069
11,12360,LD2,2100,750,9.889193708026433,0.0002739217939111,0.0579585
11,12362,LD2,2100,750,9.889131824050631,0.0002427642523785,0.0595693
11,12364,LD2,2100,750,9.889067126057109,0.0001850515219895,0.103423
11,12366,LD2,2100,750,9.889148113420074,0.000265337061487,0.0137682
11,12371,LD2,2100,750,9.889217748613138,4.572225621633755e-05,0.00282669
11,12372,LD2,2100,750,9.889077885918368,0.0002213774040164,0.0228393
11,12373,LD2,2100,750,9.889086544716006,0.000188303060389,0.0331945
11,12374,LD2,2100,750,9.889094026666664,0.0001426659031881,0.0295728
11,12375,LD2,2100,750,9.889095651893491,0.0001406225908908,0.0294369
11,12376,LD2,2100,750,9.889140496297786,0.0001680282745758,0.0292659
11,12377,LD2,2100,750,9.889193513194709,0.0001403098269697,0.0296602
11,12378,LD2,2100,750,9.889233407777777,0.0001340146974126,0.0292717
11,12379,LD2,2100,750,9.889177699335391,0.0001598300763023,0.0327676
11,12383,LD2,2100,750,9.888956323669872,0.0002001343996589,0.0312159
11,12384,LD2,2100,750,9.88883204321495,0.000199197177512,0.0303347
11,12385,LD2,2100,750,9.88885407875,0.0001779924845824,0.00469844
11,12387,LD2,2100,750,9.889125595337518,0.0002127724883344,0.0316486
11,12388,LD2,2100,750,9.88917136224652,0.0001975591619629,0.030321
11,12394,LD2,2100,750,9.88915165660138,0.0002134153467427,0.0347764
11,12395,LD2,2100,750,9.889044702956763,0.0002045098290871,0.0408374
11,12396,LD2,2100,750,9.88907959652733,0.0001388238054223,0.0329264
11,12403,LD2,2100,750,9.88868056655532,0.0002816508794712,0.0258613
11,12404,LD2,2100,750,9.88875899772234,0.0002533121183085,0.0239907
11,12405,LD2,2100,750,9.88880137552783,0.0002384020625566,0.0293785
11,12406,LD2,2100,750,9.888859689610191,0.0002918302640408,0.0301303
11,12407,LD2,2100,750,9.888643877348242,0.0002638856471219,0.0168077
11,12408,LD2,2100,750,9.888643953705971,0.000281085800236,0.0379414
11,12409,LD2,2100,750,9.88867221231884,0.0003051500508925,0.0150185
11,12410,LD2,2100,750,9.88910380967071,0.0001219858118356,0.0313716
11,12411,LD2,2100,750,9.88922862904,6.06472730299625e-05,0.00486168
11,12412,LD2,2100,750,9.889101661197769,0.000168787897202,0.0179854
11,12416,LD2,2100,750,9.88903838,9.26305480345152e-05,0.0029208
11,12423,LD2,2100,750,9.88890990481818,0.0002604238262469,0.00897945
11,12424,LD2,2100,750,9.888757745392487,0.0002108751091481,0.00853978
11,12425,LD2,2100,750,9.888775012188612,0.0002273917229125,0.0151059
11,12473,LD2,2100,750,9.888953088260072,0.0003373641891576,0.0157721
11,12474,LD2,2100,750,9.888927752305936,0.0002072891642849,0.0428121
11,12478,LD2,2100,750,9.88896869610829,0.000216697960838,0.0289925
11,12479,LD2,2100,750,9.888844816753926,0.0002297970260697,0.0292818
11,12480,LD2,2100,750,9.888730205717172,0.0001982845253218,0.0285203
11,12481,LD2,2100,750,9.888972804801444,0.0002598256076322,0.0121433
11,12482,LD2,2100,750,9.889125784285712,0.0001601991530622,0.016247
11,12485,LD2,2100,750,9.88893489116451,0.0003702272629607,0.0301329
11,12486,LD2,2100,750,9.88894071050943,0.0003918237167417,0.027601
11,12498,LD2,2100,750,9.889149274602648,0.0002931311710362,0.0162078
11,12499,LD2,2100,750,9.88905433160183,0.0001452434436619,0.0265208
11,12500,LD2,2100,750,9.888994229252337,0.0001189948953298,0.0068212
11,12501,LD2,2100,750,9.889058439999998,0.0002848855490803,0.000351186
11,12502,LD2,2100,750,9.888978053040292,0.0001443090583987,0.0180723
11,12512,LD2,2100,750,9.889032686278194,0.0001568334871851,0.0307011
11,12513,LD2,2100,750,9.889035136096654,0.0001553079514526,0.0309957
11,12514,LD2,2100,750,9.889037972125692,0.0001609697853856,0.0292832
11,12515,LD2,2100,750,9.889037280821915,0.0001872738931256,0.0167391
11,12516,LD2,2100,750,9.88911384111111,0.0001620457328545,0.0260071
11,12517,LD2,2100,750,9.8889782,0.0,7.85587e-05
11,12521,LD2,2100,750,9.889064414323483,0.0002142205478092,0.0319314
11,12523,LD2,2100,750,9.888968432565443,0.000316706471111,0.0215826
11,12527,LD2,2100,750,9.88911408890351,0.0001747126512086,0.0235809
11,12532,LD2,2100,750,9.889062935427926,0.0001943065691743,0.0268895
11,12534,LD2,2100,750,9.888997369891774,0.0001757425050302,0.0269938
11,12535,LD2,2100,750,9.88909388385135,0.0001708741945935,0.0162786
11,12536,LD2,2100,750,9.889094692390742,0.000178199837585,0.0209012
11,12537,LD2,2100,750,9.889084370092164,0.0001589944999886,0.0227891
11,12538,LD2,2100,750,9.88915446980198,0.0001420394371994,0.00488789
11,12539,LD2,2100,750,9.88902093944196,0.0001437514176395,0.0273828
11,12541,LD2,2100,750,9.889009563971772,0.0002347698777686,0.0292565
11,12542,LD2,2100,750,9.889127786585364,0.0001773261144153,0.0297071
11,12543,LD2,2100,750,9.889127096681412,0.0001578334219774,0.0408449
11,12544,LD2,2100,750,9.889186157429464,8.718652285237762e-05,0.0116271
11,12547,LD2,2100,750,9.889121667790052,0.0001401466860822,0.0304574
11,12549,LD2,2100,750,9.888966029209485,0.0002142904944804,0.0308769
11,12550,LD2,2100,750,9.888938499436366,0.0002391030546286,0.0313421
11,12551,LD2,2100,750,9.888853688970295,0.000238238056683,0.0293901
11,12552,LD2,2100,750,9.888820902797494,0.0001917007170364,0.0284438
11,12553,LD2,2100,750,9.88887197480427,0.0002123043225171,0.0329768
11,12554,LD2,2100,750,9.888920975267858,0.0002132164108966,0.0292018
11,12556,LD2,2100,750,9.88846919703896,0.0001716008996261,0.0243386
11,12558,LD2,2100,750,9.888617569104476,0.0002389805844047,0.0155902
11,12559,LD2,2100,750,9.888660963257577,0.0002157545149745,0.038516
11,12565,LD2,2100,750,9.888701084302552,0.0001940714140442,0.0379649
11,12566,LD2,2100,750,9.888623023455343,0.0003940912757203,0.0392956
11,12567,LD2,2100,750,9.888334727313168,0.000346470885501,0.0387171
11,12568,LD2,2100,750,9.888322795611886,0.0004015597488579,0.0383185
11,12569,LD2,2100,750,9.88854305505338,0.0002381296483518,0.0418592
11,12570,LD2,2100,750,9.8884730125,0.0002501632032699,0.0410193
11,12571,LD2,2100,750,9.888696521127272,0.0002877168468199,0.0190284
11,12572,LD2,2100,750,9.888849636830123,0.0002144831854533,0.0380491
11,12574,LD2,2100,750,9.888794353007244,0.0003057622462276,0.0379548
11,12577,LD2,2100,750,9.888664223851851,0.0004122843616665,0.00726931
11,12580,LD2,2100,750,9.888739123429056,0.0002140435030904,0.0428618
11,12581,LD2,2100,750,9.888912829272238,0.0002837633200981,0.0384817
11,12582,LD2,2100,750,9.888885885842388,0.0003062556713327,0.037265
11,12583,LD2,2100,750,9.8885737904,0.0002805671871195,0.0373525
11,12584,LD2,2100,750,9.888746859724954,0.0002165183359668,0.0377765
11,12585,LD2,2100,750,9.888702676654136,0.000254203853586,0.0383078
11,12586,LD2,2100,750,9.888550467257769,0.0002906992978934,0.0386498
11,12589,LD2,2100,750,9.888661825664844,0.0002662632955638,0.0418192
11,12590,LD2,2100,750,9.888933304952152,0.0003143043934132,0.0241141
11,12592,LD2,2100,750,9.888999631007191,0.0002244741237417,0.0151632
11,12593,LD2,2100,750,9.888964500878592,0.000299633616214,0.0347662
11,12597,LD2,2100,750,9.888872221936682,0.0003794862247778,0.0382463
11,12598,LD2,2100,750,9.888468356863635,0.0002876187494863,0.0333886
11,12599,LD2,2100,750,9.888985077714285,0.000412677849118,0.00465485
11,12614,LD2,2100,750,9.888838581064892,0.0002875661715762,0.0381567
11,12618,LD2,2100,750,9.888912002,0.0003607852564592,0.0126259
11,12619,LD2,2100,750,9.888910679202898,0.0003381332240915,0.0265123
11,12620,LD2,2100,750,9.888998882299267,0.0002727193833725,0.0246554
11,12623,LD2,2100,750,9.889024798173718,0.0003294942967409,0.0135031
11,12627,LD2,2100,750,9.889068174999998,0.0002233109858239,0.037402
11,12628,LD2,2100,750,9.889149593144651,0.0002438639542219,0.00149413
11,12638,LD2,2100,750,9.88885233967742,0.0003521500640997,0.0399465
11,12639,LD2,2100,750,9.888945567183098,0.0001830595184095,0.0056843
11,12641,LD2,2100,750,9.888901763041666,0.0002811475637053,0.0305879
11,12642,LD2,2100,750,9.88877524,0.0002364992469332,0.00860135
11,12643,LD2,2100,750,9.888682229999995,0.0002847230776702,0.0337887
11,12644,LD2,2100,750,9.8887880725,0.0003857337379754,0.0110741
11,12645,LD2,2100,750,9.8884854485258,0.000422546007484,0.0265823
11,12647,LD2,2100,750,9.888781958716049,0.0004270746976339,0.0171511
11,12653,LD2,2100,750,9.888171361436784,0.000353773081353,0.0377997
11,12654,LD2,2100,750,9.888237961234566,0.0002298622378044,0.000636616
11,12655,LD2,2100,750,9.888528776554455,0.0002689440889625,0.0378376
11,12656,LD2,2100,750,9.888711824111969,0.0002107291784718,0.0377384
11,12659,LD2,2100,750,9.888813012399297,0.0002746231691733,0.0379157
11,12660,LD2,2100,750,9.888817897522122,0.0003442824647649,0.0361953
11,12661,LD2,2100,750,9.888610468526316,0.0002848540750354,0.039389
11,12662,LD2,2100,750,9.88884686078864,0.0003136544846989,0.0165835
11,12664,LD2,2100,750,9.888544895240171,0.0004832543171462,0.0126762
11,12666,LD2,2100,750,9.888524289148934,0.0002958056968762,0.00649201
11,12671,LD2,2100,750,9.888815596960653,0.0003087434108546,0.0464041
11,12673,LD2,2100,750,9.88878640521452,0.0002344656597667,0.0395827
11,12674,LD2,2100,750,9.888722402114752,0.0002473558593776,0.0465917
11,12678,LD2,2100,750,9.888501075939397,0.0003690882849841,0.010902
11,12679,LD2,2100,750,9.888485240224524,0.0004451027465952,0.0377223
11,12680,LD2,2100,750,9.888407804415325,0.0003107428352607,0.0380749
11,12681,LD2,2100,750,9.888229915348836,7.931342858572089e-05,0.00362505
11,12682,LD2,2100,750,9.888304002310536,0.0003308459527361,0.0411628
11,12683,LD2,2100,750,9.888190886275718,0.0002994168306413,0.038366
11,12684,LD2,2100,750,9.888017501666669,0.0002525287759179,0.0286128
11,12686,LD2,2100,750,9.888085086496597,0.0006047917174009,0.0388875
11,12687,LD2,2100,750,9.887604636098002,0.0004990225554815,0.042617
11,12688,LD2,2100,750,9.887345322097264,0.0005724956049097,0.0254666
11,12693,LD2,2100,750,9.88894719818182,0.0001777236759227,0.0397379
11,12694,LD2,2100,750,9.889000119729166,0.0001762335657384,0.037682
11,12695,LD2,2100,750,9.888996418929253,0.0001672441094876,0.0380838
11,12697,LD2,2100,750,9.888980864557237,0.0001665134342621,0.0356329
11,12699,LD2,2100,750,9.889121881788617,0.0001054459725671,0.0303305
11,12700,LD2,2100,750,9.889215622941176,0.0001661898281521,0.0236671
11,12701,LD2,2100,750,9.8891947513253,0.0001541615559045,0.0380343
11,12702,LD2,2100,750,9.889123860163265,0.0001799934899321,0.0375477
11,12706,LD2,2100,750,9.889135908072726,0.0001414601191295,0.0446275
11,12707,LD2,2100,750,9.889200839253332,0.0001366528363925,0.0467742
11,12708,LD2,2100,750,9.889199001019332,0.0001388789718613,0.0452781
11,12709,LD2,2100,750,9.889199700209424,0.0001388278032277,0.0444928
11,12710,LD2,2100,750,9.889201824749998,0.0001591652799102,0.0453735
11,12711,LD2,2100,750,9.889183431687895,0.0001159711886459,0.046035
11,12713,LD2,2100,750,9.889095425625,0.0001158001761639,0.00145678
11,12714,LD2,2100,750,9.889081390291594,0.0001250962548082,0.0472139
11,12715,LD2,2100,750,9.889132084931504,0.0001488400234846,0.0472666
11,12721,LD2,2100,750,9.889162788169209,0.0002574012636009,0.0496942
11,12722,LD2,2100,750,9.889086758903344,0.000154141053502,0.0418324
11,12726,LD2,0,750,9.889046641316964,0.0001351182477413,0.0348747
11,12728,LD2,0,750,9.889020776786516,0.0001883228895695,0.0322573
11,12729,LD2,0,750,9.889019729444442,0.0001820330889285,0.0505914
11,12732,LD2,2100,750,9.888946964649264,0.0001919794108619,0.048187
11,12733,LD2,2100,750,9.888992638534882,0.0002433234668174,0.0252694
11,12734,LD2,2100,750,9.888905119572367,0.000241454098114,0.0228194
11,12735,LD2,2100,750,9.888882963067092,0.0002380338519221,0.0467564
11,12737,LD2,2100,750,9.889192730555555,0.000211770878838,0.00477164
11,12738,LD2,2100,750,9.889413915502551,0.000180337690252,0.0435297
11,12739,LD2,2100,750,9.889296505,0.0001640116847985,0.000752784
11,12740,LD2,2100,750,9.889424165724463,0.0001850480825912,0.0305349
11,12742,LD2,2100,750,9.88887737210526,0.0002681456749665,0.0279123
11,12743,LD2,2100,750,9.889329302103894,0.0002121827510507,0.0228397
11,12767,LD2,2100,750,9.889473858115627,0.0002106789738417,0.034853
11,12768,LD2,2100,750,9.889399525842446,0.0002439802994642,0.0175644
11,12769,LD2,2100,750,9.889517732416268,0.0002313561843938,0.0321345
11,12770,LD2,2100,750,9.88944738334,0.0002513800674934,0.0658545
11,12771,LD2,2100,750,9.88951946657351,0.0002365773767961,0.0658053
11,12772,LD2,2100,750,9.889370046296678,0.0002007511266318,0.0703641
11,12773,LD2,2100,750,9.889348362172072,0.000145915710297,0.041975
11,12778,LD2,2100,750,9.889424455215906,0.0001978071735714,0.0637096
11,12779,LD2,2100,750,9.889321680892197,0.0002048305666092,0.0385107
11,12781,LD2,2100,750,9.889206563352824,0.0002344199861751,0.0399121
11,12782,LD2,2100,750,9.889344015571846,0.0001955865017229,0.0245601
11,12796,LD2,2100,750,9.889251137575757,9.545937053580632e-05,0.00303239
11,12797,LD2,2100,750,9.8893269859466,0.0001905346799791,0.0333821
11,12798,LD2,2100,750,9.889456328891564,0.0002290694025981,0.0319386
11,12799,LD2,2100,750,9.88950082653846,0.0002296369345563,0.0344482
11,12801,LD2,2100,750,9.88942883841216,0.0001982900767322,0.0441466
11,12802,LD2,2100,750,9.88949580818,0.0002254518363961,0.0399898
11,12813,LD2,2100,750,9.88923498324647,0.0001607607436134,0.0585459
11,12814,LD2,2100,750,9.88938416891709,0.0001764115667788,0.0445872
11,12815,LD2,2100,750,9.889531099350878,0.0002170041385954,0.0458632
11,12816,LD2,2100,750,9.889615096924317,0.0002356582700236,0.0451735
11,12817,LD2,2100,750,9.889729551084905,0.0002748269839713,0.0473818
11,12819,LD2,2100,750,9.889676939949998,0.0002936892492876,0.0451731
11,12820,LD2,2100,750,9.889584723430229,0.0002558894085167,0.0667768
11,12824,LD2,2100,750,9.889463603745703,0.000206970485945,0.0439079
11,12825,LD2,2100,750,9.889498626310832,0.0002384627406871,0.0444574
11,12826,LD2,2100,750,9.889478903499995,0.0002059260380107,0.0456494
11,12827,LD2,2100,750,9.889492595714286,0.0001988181467979,0.0447899
11,12828,LD2,2100,750,9.889398731469594,0.0002262310193322,0.0458212
11,12829,LD2,2100,750,9.889295078827589,0.0001809504594932,0.0448648
11,12830,LD2,2100,750,9.88927690295238,0.0002085524544799,0.0299331
11,12894,LD2,2100,750,9.887787694227352,0.0005469608889798,0.0461564
11,12896,LD2,2100,750,9.88855618617954,0.0002924802751555,0.0387931
11,12897,LD2,2100,750,9.88883200605341,0.000448840847874,0.0287766
11,12902,LD2,2100,750,9.888928347920787,0.0009486284415346,0.0181434
11,12903,LD2,2100,750,9.8884333704,0.0005588873444066,0.00187624
11,12904,LD2,2100,750,9.889049411608877,0.0006463380659459,0.0365614
11,12906,LD2,2100,750,9.88919641060606,0.0001918016441761,0.0392034
11,12907,LD2,2100,750,9.889249737026626,0.0001902257551879,0.0488007
11,12908,LD2,2100,750,9.889312404743588,0.000217816256603,0.0403735
11,12909,LD2,2100,750,9.88929331312796,0.0002008243972052,0.0489636
11,12911,LD2,2100,750,9.88923603,0.0001638966700509,0.00416045
11,12912,LD2,2100,750,9.889166482190332,0.0002286435049854,0.0378917
11,12913,LD2,2100,750,9.889152535876288,0.0001271959563837,0.00452048
11,12914,LD2,2100,750,9.88921361617801,0.0001842953215002,0.0149766
11,12915,LD2,2100,750,9.88924683205714,0.0002032987811807,0.0281131
11,12916,LD2,2100,750,9.88924810002016,0.0002357753341615,0.0376072
11,12917,LD2,2100,750,9.88938867775,0.0002612594761487,0.0377691
11,12918,LD2,2100,750,9.889591910625,0.0003145936636079,0.0383568
11,12919,LD2,2100,750,9.889427786971934,0.0002139827124688,0.0376852
11,12920,LD2,2100,750,9.889538271092148,0.0002658534401218,0.0406573
11,12921,LD2,2100,750,9.889660120595236,0.0002461590077354,0.013516
11,12932,LD2,2100,750,9.88949731862069,0.0002677333853495,0.0401667
11,12933,LD2,2100,750,9.88946388114228,0.000254884122272,0.036749
11,12934,LD2,2100,750,9.88971143916318,0.0003518728591959,0.0195017
11,12935,LD2,2100,750,9.889697106506716,0.0002700703777981,0.0407854
11,12936,LD2,2100,750,9.889489339025488,0.0002908126068122,0.0377189
11,12939,LD2,2100,750,9.888857123571425,0.000401988345323,0.0446115
11,12940,LD2,2100,750,9.88874499852615,0.00036027609423,0.0397636
11,12946,LD2,2100,750,9.888595968652846,0.0003289182440402,0.0149988
11,12957,LD2,2100,750,9.888976306696629,0.0001946008069827,0.0359213
11,12961,LD2,2100,750,9.888909038217212,0.0001950762742836,0.0388341
11,12962,LD2,2100,750,9.888887805145227,0.0001724228701437,0.0193925
11,12963,LD2,2100,750,9.889028976874998,0.0001642079640768,0.0140531
11,12965,LD2,2100,750,9.888989074475626,0.0001826274893737,0.0505289
11,12968,LD2,2100,750,9.888931962116184,0.0001869555164515,0.0395007
11,12969,LD2,2100,750,9.888909721257033,0.0001855932735537,0.0430789
11,12970,LD2,2100,750,9.88894439874003,0.0002455032715411,0.0420064
11,12971,LD2,2100,750,9.888848784878505,0.0001871177682724,0.0441512
11,12972,LD2,2100,750,9.888702090702946,0.0002722825910817,0.0353741
11,12975,LD2,2100,750,9.889112292348992,0.0001693662881688,0.0192802
11,12976,LD2,2100,750,9.889093573988436,0.0001537299585248,0.024976
11,12977,LD2,2100,750,9.88913232111111,0.0001898244588659,0.0116019
11,12979,LD2,2100,750,9.888903502894737,0.0001790059112975,0.00637626
11,12980,LD2,2100,750,9.889050645602408,0.0001760340169484,0.0100216
11,12982,LD2,2100,750,9.888544452419602,0.0003244714810971,0.0482115
11,12983,LD2,2100,750,9.88890551884058,0.0002652109296017,0.0479247
11,12984,LD2,2100,750,9.889170756301144,0.0001637994695894,0.00932266
11,12986,LD2,2100,750,9.889047973280114,0.000251043932329,0.0490543
11,12987,LD2,2100,750,9.889053873148937,0.0002300960712506,0.0493038
11,12988,LD2,2100,750,9.888991131239669,0.0002647110916006,0.0497797
11,12989,LD2,2100,750,9.889005397627905,0.0003016973759597,0.013439
11,13000,LD2,2100,750,9.888687699321704,0.0002441269859184,0.0420172
11,13029,LD2,2100,750,9.888725510400697,0.0002675109276577,0.0428072
11,13030,LD2,2100,750,9.888787821545138,0.0002484120675546,0.045528
11,13034,LD2,2100,750,9.88895840581272,0.0002833277959207,0.0435832
11,13035,LD2,2100,750,9.88928736428312,0.0002456785812948,0.0336411
11,13036,LD2,2100,750,9.889388614552844,0.0002488334657976,0.0163112
11,13038,LD2,2100,750,9.889044812282608,0.0003772468353499,0.0627802
11,13039,LD2,2100,750,9.889059576265732,0.0005068722292919,0.0497984
11,13040,LD2,2100,750,9.888958212892442,0.0004126540263234,0.0528696
11,13044,LD2,2100,750,9.888863054873188,0.0001607447420072,0.0436298
11,13045,LD2,2100,750,9.889032975951114,0.0002479683902447,0.041113
11,13048,LD2,2100,750,9.889197925833331,0.0001789204010884,0.00102802
11,13049,LD2,2100,750,9.888874693804809,0.0002902844227659,0.0423277
11,13050,LD2,2100,750,9.888840525437956,0.0002427645872868,0.0416158
11,13051,LD2,2100,750,9.88889651961471,0.0002637705746157,0.0404009
11,13052,LD2,2100,750,9.888928399206964,0.0002438459731218,0.0309938
11,13053,LD2,2100,750,9.888919930476188,0.00020337021628,0.0207277
11,13054,LD2,2100,750,9.888897745454546,0.0002335280336257,0.0410317
11,13055,LD2,2100,750,9.888906999382716,0.0001750697608025,0.0306249
11,13058,LD2,2100,750,9.888823978034187,0.0002417729598907,0.0436778
11,13059,LD2,2100,750,9.888825604746716,0.0002613144595904,0.0369446
11,13060,LD2,2100,750,9.888775746442144,0.0002206841453962,0.0441717
11,13061,LD2,2100,750,9.888842104709784,0.0002301017255722,0.0446735
11,13062,LD2,2100,750,9.888970254548193,0.0002172418224408,0.0462391
11,13063,LD2,2100,750,9.888956475507868,0.0002295553671275,0.0486673
14,13305,LD2,1470,750,5.9826809873333335,0.000151225911368,0.0231078
14,13306,LD2,1470,750,5.982725988505975,0.0002237136610686,0.028247
14,13307,LD2,1470,750,5.982761260728242,0.0003308881002664,0.0281883
14,13308,LD2,1470,750,5.982658272138613,0.0001860969076439,0.0299594
14,13309,LD2,1470,750,5.982725384516129,0.000296062479888,0.0280194
14,13314,LD2,1470,750,5.982840749559117,0.000256980851491,0.0273605
14,13315,LD2,1470,750,5.983046644047619,0.0003523647553201,0.00857957
14,13316,LD2,1470,750,5.983218700437158,0.0003332421264168,0.00291916
14,13317,LD2,1470,750,5.982878393808695,0.0002564883952742,0.0311946
14,13318,LD2,1470,750,5.982928593857615,0.0002700160619853,0.0324308
14,13319,LD2,1470,750,5.982992085041736,0.0002904985850334,0.0278241
14,13322,LD2,1470,750,5.9827301354033775,0.0003831646220674,0.0259413
14,13323,LD2,1470,750,5.982746981515151,0.0003943546686417,0.0287459
14,13324,LD2,1470,750,5.982743051742737,0.0003369203231617,0.0244182
14,13325,LD2,1470,750,5.982716102678226,0.0003190741612105,0.0274813
14,13342,LD2,1470,750,5.982882524669421,0.0003498133146089,0.0109945
14,13344,LD2,1470,750,5.982802514069767,0.00033911706202,0.0167084
14,13353,LD2,1470,750,5.982537702742857,0.0002384335471949,0.0127035
14,13357,LD2,1470,750,5.982682331940639,0.0004047922265608,0.0407567
14,13358,LD2,1470,750,5.982526695325671,0.0002482689847762,0.0374948
14,13359,LD2,1470,750,5.98257016972826,0.0003069573932027,0.0369504
14,13360,LD2,1470,750,5.982585312247705,0.0003139898841538,0.0446254
14,13361,LD2,1470,750,5.982591622893938,0.0003213765549381,0.0442051
14,13362,LD2,1470,750,5.982556192804123,0.0002546509984295,0.03385
14,13363,LD2,1470,750,5.982746814390582,0.0004744372505451,0.038716
14,13364,LD2,1470,750,5.982880305625001,0.0005120340198722,0.0384291
14,13368,LD2,1470,750,5.982553877233606,0.0004107308716852,0.0322539
14,13369,LD2,1470,750,5.982557242352941,0.0004121650444041,0.0382812
14,13370,LD2,1470,750,5.982489633692308,0.0003534983050728,0.0320141
14,13371,LD2,1470,750,5.98306006464098,0.0005140692712031,0.0160376
14,13372,LD2,1470,750,5.982682411896066,0.0005196471602818,0.0363842
14,13373,LD2,1470,750,5.982520718922717,0.0004336065680205,0.027633
14,13381,LD2,1470,750,5.982632812280701,0.000173165010952,0.0371581
14,13382,LD2,1470,750,5.982677941436266,0.0002841787944154,0.0370806
14,13384,LD2,1470,750,5.982685556156522,0.0003349618490978,0.0369961
14,13385,LD2,1470,750,5.982618854525042,0.0002738465023612,0.0394705
14,13387,LD2,1470,750,5.982654895877192,0.0003432212095523,0.0373004
14,13388,LD2,1470,750,5.982673546380471,0.0003689709072376,0.0379763
14,13389,LD2,1470,750,5.982656314055944,0.0003862760941255,0.0181057
14,13390,LD2,1470,750,5.982632438971962,0.0003248275021261,0.00775722
14,13391,LD2,1470,750,5.98263558980273,0.0003687575087405,0.0431108
14,13392,LD2,1470,750,5.982506465620436,0.0002853869384759,0.00995498
14,13393,LD2,1470,750,5.982642335341506,0.0004343060898742,0.0352998
14,13394,LD2,1470,750,5.983050929183302,0.000506534693062,0.0163465
14,13395,LD2,1470,750,5.982548964999999,0.0003292246822133,0.00932977
14,13398,LD2,1470,750,5.982472161573705,0.0002321215844306,0.0372927
14,13399,LD2,1470,750,5.982425572674418,0.0001710112475103,0.00663063
14,13400,LD2,1470,750,5.9824941643785845,0.0003292819923299,0.0368513
14,13402,LD2,1470,750,5.982499825555554,0.0003750791288638,0.0365041
14,13403,LD2,1470,750,5.982529296414634,0.0003067226478333,0.0294742
14,13406,LD2,1470,750,5.982517197657046,0.0003882811041056,0.0401949
14,13407,LD2,1470,750,5.982520240340314,0.0004059146678229,0.0507153
8,13453,LD2,1470,750,5.982643545865835,0.0003396500710957,0.0129936
8,13454,LD2,1470,750,5.982752776576355,0.0004300340250788,0.00720362
8,13455,LD2,1470,750,5.982699480129869,0.0003912537574127,0.00602724
8,13468,LD2,0,750,5.982681796264151,0.0002952792093855,0.0187287
8,13470,LD2,0,750,5.9827669092960285,0.0003417739734258,0.0177337
8,13472,LD2,0,750,5.98270566966292,0.0003143688964266,0.0180134
8,13473,LD2,0,750,5.9826533596,0.0002438835700171,0.0153094
8,13474,LD2,0,750,5.982857242355289,0.0004228855940348,0.0172702
8,13475,LD2,0,750,5.98278411835,0.0003722996914412,0.0130611
8,13476,LD2,0,750,5.982804293913043,0.0004392199896686,0.0144111
8,13477,LD2,0,750,5.982772262827442,0.0004190809441064,0.01402
8,13478,LD2,0,750,5.982582707112527,0.0003083020431247,0.016932
8,13479,LD2,0,750,5.9826773034090905,0.0004909708036814,0.023661
8,13491,LD2,1470,750,5.982814512525398,0.0005963742819506,0.0145637
8,13492,LD2,1470,750,5.982515005860534,0.0003550033757361,0.0224178
8,13493,LD2,1470,750,5.982503903641703,0.0003978449051158,0.0229619
8,13494,LD2,1470,750,5.982460089414634,0.0003916587681588,0.0207908
8,13495,LD2,1470,750,5.982450293803418,0.0003873562614101,0.0207388
8,13496,LD2,1470,750,5.982541395776397,0.0004385485447524,0.0222477
8,13497,LD2,1470,750,5.982442544330707,0.0003562479104185,0.00874004
8,13502,LD2,1470,750,5.982732962207084,0.0003773167175689,0.0187394
8,13503,LD2,1470,750,5.98267532802985,0.0003732899995822,0.019539
8,13504,LD2,1470,750,5.982761044732333,0.0004224945155896,0.0196494
8,13505,LD2,1470,750,5.982642991174089,0.0003440007203049,0.0203213
8,13544,LD2,2100,750,5.982373536908212,0.0002941970870739,0.0185654
8,13545,LD2,2100,750,5.98236286290909,0.000307773695299,0.0185414
8,13546,LD2,2100,750,5.982305135699999,0.0002394616801297,0.0186643
8,13547,LD2,2100,750,5.9824143246188335,0.0004330932818393,0.0186687
8,13548,LD2,2100,750,5.982358085432098,0.0004351486974564,0.0203038
8,13549,LD2,2100,750,5.982469507391304,0.00051691986434,0.0258088
8,13550,LD2,2100,750,5.982523649760479,0.0004845654286016,0.0145543
8,13551,LD2,2100,750,5.982948373928571,0.0005365958244775,0.00135941
8,13552,LD2,2100,750,5.982616552477064,0.0004077493912437,0.00819816
8,13554,LD2,2100,750,5.983085293582676,0.0005126511732679,0.00450273
8,13556,LD2,2100,750,5.982425204585366,0.0003581203889897,0.015489
8,13557,LD2,2100,750,5.982699785566501,0.0005678775280647,0.00949024
8,13558,LD2,1470,750,5.982504277434944,0.0004708608269417,0.0154759
8,13559,LD2,1470,750,5.982416441670378,0.0004231629630879,0.0149266
8,13560,LD2,1470,750,5.982349900843749,0.0004565089702338,0.0150673
8,13561,LD2,1470,750,5.982383085287672,0.000475880104939,0.0156886
8,13562,LD2,1470,750,5.98228494135321,0.000452149233263,0.0147391
8,13563,LD2,1470,750,5.982157697305195,0.0003020342529092,0.0151036
8,13564,LD2,1470,750,5.982053923431733,0.0002646682758202,0.0152117
8,13565,LD2,1470,750,5.982263209635761,0.0004571229902661,0.0144923
8,13566,LD2,1470,750,5.982238082089202,0.000426544299387,0.0192713
8,13567,LD2,1470,750,5.9822572061269135,0.0003179339376172,0.0164282
8,13568,LD2,1470,750,5.982340111145833,0.0004461399611416,0.016087
8,13569,LD2,1470,750,5.982311601192308,0.000347268179432,0.0160593
8,13570,LD2,1470,750,5.982322715594713,0.000282229994329,0.015272
8,13571,LD2,1470,750,5.982309526860987,0.0001946823342439,0.0156484
8,13581,LD2,1050,750,5.982639129421052,0.0005049020896317,0.0105143
8,13582,LD2,1050,750,5.9827721929216855,0.0004689093826185,0.0182867
8,13583,LD2,1050,750,5.98253963273913,0.0002938103279067,0.0184525
8,13584,LD2,1050,750,5.982526752969348,0.0002779541191569,0.018542
8,13585,LD2,1050,750,5.9826914596091205,0.0003396058879636,0.0196272
8,13586,LD2,1050,750,5.982716438394496,0.0002679994770929,0.00736861
8,13587,LD2,1470,750,5.982673751082568,0.0002690101598933,0.0191965
8,13588,LD2,1470,750,5.98304493410287,0.0003624382667819,0.0189745
8,13589,LD2,1470,750,5.982918813918128,0.0003348839182245,0.0187461
8,13590,LD2,1470,750,5.983130124315789,0.0002481833359516,0.00224019
8,13591,LD2,1470,750,5.982870619899832,0.000194811663785,0.0210237
8,13592,LD2,1470,750,5.983418623443858,0.0001236921409629,0.00101527
8,13593,LD2,1470,750,5.9829610332844565,0.0004425274686933,0.00736507
8,13596,LD2,1470,750,5.982502058697571,0.0002987054692205,0.0158561
8,13597,LD2,1470,750,5.982405472225432,0.0002708439297529,0.012419
8,13608,LD2,1470,750,5.982531132619589,0.0004312607343686,0.0153782
8,13609,LD2,1470,750,5.982602214157303,0.0004265825830784,0.0150801
8,13610,LD2,1470,750,5.982570976650246,0.0004183904465446,0.0153057
8,13612,LD2,1470,750,5.982444320321781,0.0002309637151293,0.0188852
8,13613,LD2,1470,750,5.982540574976302,0.0003450990538418,0.0161684
8,13614,LD2,1470,750,5.982673965746269,0.0004496960949623,0.00424375
8,13615,LD2,1470,750,5.982540911138353,0.0003664347402666,0.0202006
8,13616,LD2,1470,750,5.982529653931947,0.0003111833738135,0.0196534
8,13617,LD2,1470,750,5.98250471264,0.0002036254448644,0.020033
8,13618,LD2,1470,750,5.982571941167001,0.0002061451319571,0.0200305
8,13619,LD2,1470,750,5.983351628947367,0.0002591179671546,0.00167564
8,13620,LD2,1470,750,5.982863350124416,0.0003953574879973,0.0181309
9,13660,LD2,1470,750,4.026795286433333,0.0001332396115533,0.00254258
9,13661,LD2,1470,750,4.02684096868421,8.886330131651192e-05,0.0193945
9,13662,LD2,1470,750,4.0268069713833325,0.0001243230788914,0.0183652
9,13664,LD2,1470,750,4.026864864052133,8.360649307004584e-05,0.0150998
9,13665,LD2,1470,750,4.026779732894737,0.0001542042791644,0.0092472
9,13666,LD2,1470,750,4.0267664139325845,0.000170753372176,0.0120509
9,13677,LD2,1470,750,4.02677702911833,8.334276431076794e-05,0.0309116
9,13678,LD2,1470,750,4.026681167581395,0.0001121028826146,0.026066
9,13679,LD2,1470,750,4.0267657719642855,7.69328941852886e-05,0.0305753
9,13680,LD2,1470,750,4.026772466467781,6.157871853928155e-05,0.0300274
9,13681,LD2,1470,750,4.026783804679089,5.6197072940720864e-05,0.0352728
9,13682,LD2,1470,750,4.026724875833333,9.525482980984046e-05,0.00211999
9,13684,LD2,1470,750,4.026738838981132,6.061480241878106e-05,0.0371281
9,13685,LD2,1470,750,4.02672267142056,6.73407152760197e-05,0.036081
9,13686,LD2,1470,750,4.026704107307343,9.601907997293182e-05,0.0615844
9,13687,LD2,1470,750,4.0267588441,7.827191691877474e-05,0.0617675
9,13688,LD2,1470,750,4.026737713080459,5.426711861160223e-05,0.0311507
9,13689,LD2,1470,750,4.026749192153845,3.03564477035796e-05,0.00493796
9,13694,LD2,1470,750,4.026711440330578,6.587715647705255e-05,0.0615296
9,13695,LD2,1470,750,4.0267352401666665,4.703025388749868e-05,0.0173658
9,13698,LD2,1470,750,4.026634478,9.637587458357844e-05,0.00190175
9,13699,LD2,1470,750,4.026634163067568,9.591944280700688e-05,0.0199993
9,13700,LD2,1470,750,4.026611614179104,0.0001081208220733,0.0149371
9,13710,LD2,1470,750,4.026838165135135,6.29439848072329e-05,0.00832891
9,13711,LD2,1470,750,4.0268545971666665,6.344850417191549e-05,0.00522394
9,13712,LD2,1470,750,4.026855598964029,9.062064174828468e-05,0.0758542
9,13714,LD2,1470,750,4.026908690655738,7.725709898319964e-05,0.0749529
9,13715,LD2,1470,750,4.026943985273159,8.770159485171783e-05,0.0742229
9,13716,LD2,1470,750,4.0269639726621165,0.0001289192904098,0.0735536
9,13717,LD2,1470,750,4.026966912360515,0.000149564393775,0.0187537
9,13721,LD2,1470,750,4.026929478691407,0.0001050118146107,0.0435925
9,13723,LD2,1470,750,4.0269953564653465,0.0001407357627775,0.0850759
9,13724,LD2,1470,750,4.027077439885714,0.0002077464614103,0.0145017
9,13727,LD2,1470,750,4.0270193041980615,0.0001785173531135,0.0737204
9,13728,LD2,1470,750,4.027010746383721,0.0001194216506743,0.0738623
9,13729,LD2,1470,750,4.0269777999709575,0.0002013617303301,0.0762218
9,13731,LD2,1470,750,4.027007567512639,0.0001904615032919,0.0756742
9,13732,LD2,1470,750,4.026923761001564,0.0002261128363807,0.0809645
9,13734,LD2,1470,750,4.027004255216907,0.000131669268948,0.0725146
9,13736,LD2,1470,750,4.027001589400631,0.0001272795956919,0.0769201
9,13737,LD2,1470,750,4.026836957449276,0.0003674775616785,0.0237798
9,13746,LD2,1470,750,4.0264374557494405,0.0007185987537811,0.0546688
9,13748,LD2,1470,750,4.026703214578791,0.0005688601493222,0.0776923
9,13749,LD2,1470,750,4.0267453990662645,0.0005046120284139,0.0525515
9,13753,LD2,1470,750,4.026415874608599,0.0007400320509805,0.0540108
9,13754,LD2,1470,750,4.025650780346535,0.0005972195820514,0.00356059
9,13755,LD2,1470,750,4.026708501999999,0.0006253021243648,0.0442855
9,13756,LD2,1470,750,4.0265116656521736,0.000706460918509,0.00147932
9,13757,LD2,1470,750,4.02699108875,4.7875085778161285e-05,0.00147072
9,13758,LD2,1470,750,4.027001536666666,3.446808268211077e-05,0.00146646
9,13760,LD2,1470,750,4.026980808,1.7289545643952743e-05,0.00144441
9,13761,LD2,1470,750,4.027023602666667,2.782351304403691e-05,0.00146737
9,13764,LD2,1470,750,4.026759002874495,0.0005713283894197,0.0379567
9,13765,LD2,1470,750,4.026865345,0.0004483753754044,0.0397089
9,13766,LD2,1470,750,4.026943961861472,0.0003064275547091,0.0400685
9,13767,LD2,1470,750,4.026822217372092,0.0005334058461953,0.0340459
9,13770,LD2,1470,750,4.026833354566116,0.0004919929073491,0.0406726
9,13771,LD2,1470,750,4.026965312110092,0.0002256722545799,0.00980597
9,13773,LD2,1470,750,4.026556613547297,0.000730366348924,0.0390088
9,13775,LD2,1470,750,4.026056335682382,0.0008193848737517,0.0144313
9,13776,LD2,1470,750,4.026897434932936,0.0004665852249361,0.0565864
9,13777,LD2,1470,750,4.026794435359342,0.0005531932107568,0.0388474
9,13778,LD2,1470,750,4.026801277066531,0.0005377315461491,0.0791555
9,13779,LD2,1470,750,4.02679502074795,0.0005345584178218,0.0785586
9,13793,LD2,1470,750,4.026579532630057,0.0007028761256982,0.0240071
9,13797,LD2,1470,750,4.026945807965117,0.0002607840087813,0.045499
9,13798,LD2,1470,750,4.026957582568807,0.0002825053840274,0.0383296
9,13799,LD2,1470,750,4.02662034370297,0.0006770460940745,0.035655
